{
  "random_forest": {
    "accuracy": 0.9261,
    "cross_val_mean_accuracy": 0.9388,
    "confusion_matrix": [
      [
        152,
        3,
        7
      ],
      [
        7,
        103,
        12
      ],
      [
        0,
        3,
        146
      ]
    ],
    "classification_report": {
      "budget": {
        "precision": 0.9559748427672956,
        "recall": 0.9382716049382716,
        "f1-score": 0.9470404984423676,
        "support": 162.0
      },
      "mid_range": {
        "precision": 0.944954128440367,
        "recall": 0.8442622950819673,
        "f1-score": 0.8917748917748918,
        "support": 122.0
      },
      "premium": {
        "precision": 0.8848484848484849,
        "recall": 0.9798657718120806,
        "f1-score": 0.9299363057324841,
        "support": 149.0
      },
      "accuracy": 0.9260969976905312,
      "macro avg": {
        "precision": 0.9285924853520492,
        "recall": 0.9207998906107732,
        "f1-score": 0.9229172319832477,
        "support": 433.0
      },
      "weighted avg": {
        "precision": 0.928394347437531,
        "recall": 0.9260969976905312,
        "f1-score": 0.9255833882178763,
        "support": 433.0
      }
    }
  },
  "xgboost": {
    "accuracy": 0.9238,
    "confusion_matrix": [
      [
        152,
        2,
        8
      ],
      [
        6,
        104,
        12
      ],
      [
        0,
        5,
        144
      ]
    ],
    "classification_report": {
      "budget": {
        "precision": 0.9620253164556962,
        "recall": 0.9382716049382716,
        "f1-score": 0.95,
        "support": 162.0
      },
      "mid_range": {
        "precision": 0.9369369369369369,
        "recall": 0.8524590163934426,
        "f1-score": 0.8927038626609443,
        "support": 122.0
      },
      "premium": {
        "precision": 0.8780487804878049,
        "recall": 0.9664429530201343,
        "f1-score": 0.9201277955271565,
        "support": 149.0
      },
      "accuracy": 0.9237875288683602,
      "macro avg": {
        "precision": 0.9256703446268126,
        "recall": 0.9190578581172827,
        "f1-score": 0.9209438860627003,
        "support": 433.0
      },
      "weighted avg": {
        "precision": 0.9260592976092655,
        "recall": 0.9237875288683602,
        "f1-score": 0.9235771657694722,
        "support": 433.0
      }
    }
  },
  "meilleur_modele": "random_forest",
  "classes": [
    "budget",
    "mid_range",
    "premium"
  ],
  "nb_features": 10,
  "features": [
    "discount_pct",
    "rating_filled",
    "has_rating",
    "nb_reviews",
    "nb_variants",
    "nb_images",
    "available",
    "catalogue_richness",
    "popularity_score",
    "composite_score"
  ]
}